request_id,timestamp,latency_sec,bytes_sent,http_status,outcome,error_type
10,13:21:55.834910,2.0231,0,0,failed,ConnectionRefusedError
5,13:21:55.836177,2.0274,0,0,failed,ConnectionRefusedError
0,13:21:55.836735,2.0301,0,0,failed,ConnectionRefusedError
6,13:21:55.837614,2.0285,0,0,failed,ConnectionRefusedError
1,13:21:55.838120,2.0309,0,0,failed,ConnectionRefusedError
4,13:21:55.838575,2.0303,0,0,failed,ConnectionRefusedError
2,13:21:55.838975,2.0314,0,0,failed,ConnectionRefusedError
3,13:21:55.839726,2.0317,0,0,failed,ConnectionRefusedError
11,13:21:55.840109,2.0299,0,0,failed,ConnectionRefusedError
21,13:21:55.840644,2.028,0,0,failed,ConnectionRefusedError
12,13:21:55.841303,2.0306,0,0,failed,ConnectionRefusedError
8,13:21:55.842343,2.0325,0,0,failed,ConnectionRefusedError
13,13:21:55.843109,2.0321,0,0,failed,ConnectionRefusedError
7,13:21:55.844076,2.0346,0,0,failed,ConnectionRefusedError
14,13:21:55.844847,2.0336,0,0,failed,ConnectionRefusedError
9,13:21:55.845868,2.0358,0,0,failed,ConnectionRefusedError
16,13:21:55.851885,2.0349,0,0,failed,ConnectionRefusedError
28,13:21:55.852406,2.0381,0,0,failed,ConnectionRefusedError
15,13:21:55.852818,2.0416,0,0,failed,ConnectionRefusedError
22,13:21:55.853370,2.0405,0,0,failed,ConnectionRefusedError
19,13:21:55.853855,2.0417,0,0,failed,ConnectionRefusedError
18,13:21:55.854524,2.0425,0,0,failed,ConnectionRefusedError
17,13:21:55.855032,2.0434,0,0,failed,ConnectionRefusedError
20,13:21:55.855557,2.0432,0,0,failed,ConnectionRefusedError
25,13:21:55.855861,2.0423,0,0,failed,ConnectionRefusedError
26,13:21:55.856502,2.0426,0,0,failed,ConnectionRefusedError
27,13:21:55.857186,2.043,0,0,failed,ConnectionRefusedError
23,13:21:55.858085,2.0447,0,0,failed,ConnectionRefusedError
30,13:21:55.858724,2.0439,0,0,failed,ConnectionRefusedError
24,13:21:55.859549,2.046,0,0,failed,ConnectionRefusedError
29,13:21:55.860302,2.0455,0,0,failed,ConnectionRefusedError
31,13:21:55.861074,2.0461,0,0,failed,ConnectionRefusedError
34,13:21:55.861621,2.0461,0,0,failed,ConnectionRefusedError
32,13:21:55.866640,2.0481,0,0,failed,ConnectionRefusedError
33,13:21:55.867278,2.0519,0,0,failed,ConnectionRefusedError
39,13:21:55.868130,2.0515,0,0,failed,ConnectionRefusedError
41,13:21:55.873958,2.0568,0,0,failed,ConnectionRefusedError
37,13:21:55.874873,2.0587,0,0,failed,ConnectionRefusedError
42,13:21:55.875509,2.0584,0,0,failed,ConnectionRefusedError
38,13:21:55.876286,2.06,0,0,failed,ConnectionRefusedError
40,13:21:55.876872,2.0601,0,0,failed,ConnectionRefusedError
36,13:21:55.880411,2.062,0,0,failed,ConnectionRefusedError
35,13:21:55.881002,2.0653,0,0,failed,ConnectionRefusedError
52,13:21:55.881848,2.063,0,0,failed,ConnectionRefusedError
54,13:21:55.882483,2.0632,0,0,failed,ConnectionRefusedError
44,13:21:55.883280,2.0658,0,0,failed,ConnectionRefusedError
53,13:21:55.883899,2.0648,0,0,failed,ConnectionRefusedError
43,13:21:55.884885,2.0675,0,0,failed,ConnectionRefusedError
45,13:21:55.885465,2.0678,0,0,failed,ConnectionRefusedError
51,13:21:55.886315,2.0675,0,0,failed,ConnectionRefusedError
46,13:21:55.886932,2.0691,0,0,failed,ConnectionRefusedError
61,13:21:55.887618,2.0671,0,0,failed,ConnectionRefusedError
47,13:21:55.888252,2.0702,0,0,failed,ConnectionRefusedError
59,13:21:55.888940,2.0688,0,0,failed,ConnectionRefusedError
48,13:21:55.889423,2.0713,0,0,failed,ConnectionRefusedError
60,13:21:55.890287,2.0698,0,0,failed,ConnectionRefusedError
62,13:21:55.891069,2.0704,0,0,failed,ConnectionRefusedError
64,13:21:55.891741,2.0707,0,0,failed,ConnectionRefusedError
49,13:21:55.892322,2.0739,0,0,failed,ConnectionRefusedError
66,13:21:55.893048,2.0716,0,0,failed,ConnectionRefusedError
58,13:21:55.898587,2.0738,0,0,failed,ConnectionRefusedError
57,13:21:55.899274,2.0794,0,0,failed,ConnectionRefusedError
65,13:21:55.899887,2.0788,0,0,failed,ConnectionRefusedError
63,13:21:55.900595,2.0797,0,0,failed,ConnectionRefusedError
56,13:21:55.901187,2.0816,0,0,failed,ConnectionRefusedError
73,13:21:55.901842,2.0794,0,0,failed,ConnectionRefusedError
50,13:21:55.902518,2.0839,0,0,failed,ConnectionRefusedError
67,13:21:55.903164,2.0816,0,0,failed,ConnectionRefusedError
71,13:21:55.903785,2.0817,0,0,failed,ConnectionRefusedError
74,13:21:55.904366,2.0818,0,0,failed,ConnectionRefusedError
72,13:21:55.905055,2.0827,0,0,failed,ConnectionRefusedError
86,13:21:55.905596,2.0813,0,0,failed,ConnectionRefusedError
69,13:21:55.906203,2.0844,0,0,failed,ConnectionRefusedError
55,13:21:55.906909,2.0874,0,0,failed,ConnectionRefusedError
68,13:21:55.907569,2.0859,0,0,failed,ConnectionRefusedError
84,13:21:55.908137,2.0841,0,0,failed,ConnectionRefusedError
78,13:21:55.908814,2.0856,0,0,failed,ConnectionRefusedError
85,13:21:55.913627,2.0852,0,0,failed,ConnectionRefusedError
83,13:21:55.914194,2.0903,0,0,failed,ConnectionRefusedError
91,13:21:55.914752,2.0897,0,0,failed,ConnectionRefusedError
76,13:21:55.915356,2.0925,0,0,failed,ConnectionRefusedError
70,13:21:55.915842,2.094,0,0,failed,ConnectionRefusedError
77,13:21:55.916375,2.0934,0,0,failed,ConnectionRefusedError
81,13:21:55.916986,2.0933,0,0,failed,ConnectionRefusedError
92,13:21:55.917591,2.0924,0,0,failed,ConnectionRefusedError
94,13:21:55.918239,2.0928,0,0,failed,ConnectionRefusedError
101,13:21:55.918742,2.0925,0,0,failed,ConnectionRefusedError
79,13:21:55.919340,2.096,0,0,failed,ConnectionRefusedError
93,13:21:55.919925,2.0946,0,0,failed,ConnectionRefusedError
82,13:21:55.920588,2.0968,0,0,failed,ConnectionRefusedError
100,13:21:55.921198,2.095,0,0,failed,ConnectionRefusedError
102,13:21:55.921690,2.0953,0,0,failed,ConnectionRefusedError
88,13:21:55.922398,2.0978,0,0,failed,ConnectionRefusedError
90,13:21:55.922904,2.0981,0,0,failed,ConnectionRefusedError
99,13:21:55.923456,2.0974,0,0,failed,ConnectionRefusedError
109,13:21:55.924082,2.0967,0,0,failed,ConnectionRefusedError
87,13:21:55.924576,2.1001,0,0,failed,ConnectionRefusedError
107,13:21:55.928222,2.098,0,0,failed,ConnectionRefusedError
108,13:21:55.928720,2.1016,0,0,failed,ConnectionRefusedError
98,13:21:55.929121,2.1033,0,0,failed,ConnectionRefusedError
75,13:21:55.929622,2.107,0,0,failed,ConnectionRefusedError
96,13:21:55.930003,2.1045,0,0,failed,ConnectionRefusedError
110,13:21:55.930428,2.103,0,0,failed,ConnectionRefusedError
114,13:21:55.930880,2.103,0,0,failed,ConnectionRefusedError
97,13:21:55.931340,2.1056,0,0,failed,ConnectionRefusedError
112,13:21:55.931729,2.1041,0,0,failed,ConnectionRefusedError
103,13:21:55.932250,2.1057,0,0,failed,ConnectionRefusedError
111,13:21:55.932605,2.1051,0,0,failed,ConnectionRefusedError
105,13:21:55.932919,2.1063,0,0,failed,ConnectionRefusedError
80,13:21:55.933326,2.11,0,0,failed,ConnectionRefusedError
113,13:21:55.933726,2.106,0,0,failed,ConnectionRefusedError
119,13:21:55.934136,2.1056,0,0,failed,ConnectionRefusedError
104,13:21:55.934508,2.108,0,0,failed,ConnectionRefusedError
121,13:21:55.934732,2.1061,0,0,failed,ConnectionRefusedError
116,13:21:55.934989,2.107,0,0,failed,ConnectionRefusedError
122,13:21:55.935277,2.1064,0,0,failed,ConnectionRefusedError
118,13:21:55.935565,2.1073,0,0,failed,ConnectionRefusedError
89,13:21:55.935827,2.1113,0,0,failed,ConnectionRefusedError
120,13:21:55.935979,2.1075,0,0,failed,ConnectionRefusedError
130,13:21:55.936227,2.1063,0,0,failed,ConnectionRefusedError
115,13:21:55.936396,2.1086,0,0,failed,ConnectionRefusedError
128,13:21:55.936568,2.107,0,0,failed,ConnectionRefusedError
127,13:21:55.936720,2.1074,0,0,failed,ConnectionRefusedError
123,13:21:55.936866,2.108,0,0,failed,ConnectionRefusedError
95,13:21:55.937023,2.1118,0,0,failed,ConnectionRefusedError
129,13:21:55.937198,2.1075,0,0,failed,ConnectionRefusedError
126,13:21:55.937392,2.1081,0,0,failed,ConnectionRefusedError
135,13:21:55.937643,2.1072,0,0,failed,ConnectionRefusedError
137,13:21:55.937977,2.1072,0,0,failed,ConnectionRefusedError
138,13:21:55.938226,2.1074,0,0,failed,ConnectionRefusedError
134,13:21:55.938400,2.1081,0,0,failed,ConnectionRefusedError
106,13:21:55.938604,2.1119,0,0,failed,ConnectionRefusedError
136,13:21:55.938822,2.1083,0,0,failed,ConnectionRefusedError
125,13:21:55.939076,2.1099,0,0,failed,ConnectionRefusedError
139,13:21:55.939285,2.1084,0,0,failed,ConnectionRefusedError
117,13:21:55.939492,2.1114,0,0,failed,ConnectionRefusedError
131,13:21:55.939671,2.1097,0,0,failed,ConnectionRefusedError
132,13:21:55.939897,2.1098,0,0,failed,ConnectionRefusedError
124,13:21:55.942422,2.1114,0,0,failed,ConnectionRefusedError
142,13:21:55.942715,2.1114,0,0,failed,ConnectionRefusedError
141,13:21:55.943036,2.1118,0,0,failed,ConnectionRefusedError
133,13:21:55.943248,2.1131,0,0,failed,ConnectionRefusedError
140,13:21:55.943488,2.1124,0,0,failed,ConnectionRefusedError
143,13:21:55.943785,2.1124,0,0,failed,ConnectionRefusedError
147,13:21:55.943979,2.1122,0,0,failed,ConnectionRefusedError
150,13:21:55.944154,2.1121,0,0,failed,ConnectionRefusedError
144,13:21:55.944319,2.1129,0,0,failed,ConnectionRefusedError
149,13:21:55.944488,2.1125,0,0,failed,ConnectionRefusedError
158,13:21:55.944726,2.1117,0,0,failed,ConnectionRefusedError
153,13:21:55.944920,2.1125,0,0,failed,ConnectionRefusedError
156,13:21:55.945145,2.1123,0,0,failed,ConnectionRefusedError
155,13:21:55.945319,2.1127,0,0,failed,ConnectionRefusedError
146,13:21:55.945530,2.1138,0,0,failed,ConnectionRefusedError
148,13:21:55.945667,2.1138,0,0,failed,ConnectionRefusedError
145,13:21:55.945874,2.1143,0,0,failed,ConnectionRefusedError
164,13:21:55.946118,2.1124,0,0,failed,ConnectionRefusedError
159,13:21:55.946366,2.1132,0,0,failed,ConnectionRefusedError
166,13:21:55.946536,2.1126,0,0,failed,ConnectionRefusedError
151,13:21:55.946744,2.1145,0,0,failed,ConnectionRefusedError
173,13:21:55.946902,2.1123,0,0,failed,ConnectionRefusedError
157,13:21:55.947155,2.1142,0,0,failed,ConnectionRefusedError
152,13:21:55.947433,2.115,0,0,failed,ConnectionRefusedError
171,13:21:55.947737,2.1132,0,0,failed,ConnectionRefusedError
170,13:21:55.947936,2.1136,0,0,failed,ConnectionRefusedError
161,13:21:55.948099,2.1148,0,0,failed,ConnectionRefusedError
178,13:21:55.948277,2.1131,0,0,failed,ConnectionRefusedError
162,13:21:55.948480,2.115,0,0,failed,ConnectionRefusedError
163,13:21:55.948648,2.1151,0,0,failed,ConnectionRefusedError
176,13:21:55.948782,2.1138,0,0,failed,ConnectionRefusedError
181,13:21:55.948948,2.1134,0,0,failed,ConnectionRefusedError
168,13:21:55.949132,2.115,0,0,failed,ConnectionRefusedError
183,13:21:55.949346,2.1136,0,0,failed,ConnectionRefusedError
165,13:21:55.949494,2.1157,0,0,failed,ConnectionRefusedError
167,13:21:55.949732,2.1157,0,0,failed,ConnectionRefusedError
174,13:21:55.949985,2.1152,0,0,failed,ConnectionRefusedError
185,13:21:55.950198,2.1143,0,0,failed,ConnectionRefusedError
188,13:21:55.950405,2.1141,0,0,failed,ConnectionRefusedError
179,13:21:55.950598,2.1153,0,0,failed,ConnectionRefusedError
198,13:21:55.950766,2.1133,0,0,failed,ConnectionRefusedError
172,13:21:55.950968,2.1164,0,0,failed,ConnectionRefusedError
180,13:21:55.951115,2.1157,0,0,failed,ConnectionRefusedError
177,13:21:55.951336,2.1162,0,0,failed,ConnectionRefusedError
196,13:21:55.951472,2.1143,0,0,failed,ConnectionRefusedError
193,13:21:55.951640,2.1148,0,0,failed,ConnectionRefusedError
190,13:21:55.951836,2.1154,0,0,failed,ConnectionRefusedError
203,13:21:55.951992,2.114,0,0,failed,ConnectionRefusedError
175,13:21:55.952137,2.1173,0,0,failed,ConnectionRefusedError
189,13:21:55.952318,2.1159,0,0,failed,ConnectionRefusedError
184,13:21:55.952515,2.1167,0,0,failed,ConnectionRefusedError
200,13:21:55.952687,2.115,0,0,failed,ConnectionRefusedError
205,13:21:55.952867,2.1147,0,0,failed,ConnectionRefusedError
208,13:21:55.953062,2.1146,0,0,failed,ConnectionRefusedError
186,13:21:55.953242,2.1172,0,0,failed,ConnectionRefusedError
192,13:21:55.953392,2.1167,0,0,failed,ConnectionRefusedError
197,13:21:55.953538,2.1162,0,0,failed,ConnectionRefusedError
210,13:21:55.953721,2.115,0,0,failed,ConnectionRefusedError
217,13:21:55.953967,2.1145,0,0,failed,ConnectionRefusedError
195,13:21:55.954235,2.117,0,0,failed,ConnectionRefusedError
211,13:21:55.954512,2.1156,0,0,failed,ConnectionRefusedError
201,13:21:55.954819,2.1169,0,0,failed,ConnectionRefusedError
204,13:21:55.955018,2.117,0,0,failed,ConnectionRefusedError
215,13:21:55.955258,2.116,0,0,failed,ConnectionRefusedError
191,13:21:55.958084,2.1189,0,0,failed,ConnectionRefusedError
223,13:21:55.958475,2.1183,0,0,failed,ConnectionRefusedError
206,13:21:55.958713,2.1204,0,0,failed,ConnectionRefusedError
222,13:21:55.958927,2.1189,0,0,failed,ConnectionRefusedError
214,13:21:55.959335,2.12,0,0,failed,ConnectionRefusedError
207,13:21:55.959671,2.1212,0,0,failed,ConnectionRefusedError
225,13:21:55.960033,2.1196,0,0,failed,ConnectionRefusedError
202,13:21:55.960325,2.1224,0,0,failed,ConnectionRefusedError
234,13:21:55.960533,2.1193,0,0,failed,ConnectionRefusedError
209,13:21:55.960697,2.1221,0,0,failed,ConnectionRefusedError
228,13:21:55.960874,2.1203,0,0,failed,ConnectionRefusedError
219,13:21:55.961061,2.1214,0,0,failed,ConnectionRefusedError
218,13:21:55.961292,2.1217,0,0,failed,ConnectionRefusedError
232,13:21:55.961433,2.1204,0,0,failed,ConnectionRefusedError
213,13:21:55.961586,2.1226,0,0,failed,ConnectionRefusedError
245,13:21:55.961748,2.1194,0,0,failed,ConnectionRefusedError
216,13:21:55.961922,2.1226,0,0,failed,ConnectionRefusedError
154,13:21:55.962076,2.1296,0,0,failed,ConnectionRefusedError
237,13:21:55.962255,2.1207,0,0,failed,ConnectionRefusedError
224,13:21:55.962558,2.1222,0,0,failed,ConnectionRefusedError
229,13:21:55.962975,2.1221,0,0,failed,ConnectionRefusedError
243,13:21:55.963233,2.121,0,0,failed,ConnectionRefusedError
220,13:21:55.963486,2.1237,0,0,failed,ConnectionRefusedError
226,13:21:55.963862,2.1233,0,0,failed,ConnectionRefusedError
160,13:21:55.964187,2.1309,0,0,failed,ConnectionRefusedError
242,13:21:55.964443,2.1223,0,0,failed,ConnectionRefusedError
233,13:21:55.964616,2.1235,0,0,failed,ConnectionRefusedError
236,13:21:55.964910,2.1233,0,0,failed,ConnectionRefusedError
254,13:21:55.965174,2.1218,0,0,failed,ConnectionRefusedError
230,13:21:55.965351,2.1246,0,0,failed,ConnectionRefusedError
169,13:21:55.965548,2.1313,0,0,failed,ConnectionRefusedError
231,13:21:55.965750,2.1249,0,0,failed,ConnectionRefusedError
247,13:21:55.965950,2.1233,0,0,failed,ConnectionRefusedError
252,13:21:55.966285,2.123,0,0,failed,ConnectionRefusedError
246,13:21:55.966516,2.124,0,0,failed,ConnectionRefusedError
239,13:21:55.966886,2.125,0,0,failed,ConnectionRefusedError
260,13:21:55.967080,2.123,0,0,failed,ConnectionRefusedError
235,13:21:55.967319,2.1259,0,0,failed,ConnectionRefusedError
182,13:21:55.967601,2.1319,0,0,failed,ConnectionRefusedError
244,13:21:55.967919,2.1255,0,0,failed,ConnectionRefusedError
257,13:21:55.968332,2.1244,0,0,failed,ConnectionRefusedError
269,13:21:55.968560,2.1235,0,0,failed,ConnectionRefusedError
251,13:21:55.968798,2.1257,0,0,failed,ConnectionRefusedError
250,13:21:55.969022,2.1261,0,0,failed,ConnectionRefusedError
262,13:21:55.969225,2.1249,0,0,failed,ConnectionRefusedError
240,13:21:55.969570,2.1276,0,0,failed,ConnectionRefusedError
187,13:21:55.969755,2.1336,0,0,failed,ConnectionRefusedError
253,13:21:55.970010,2.1267,0,0,failed,ConnectionRefusedError
264,13:21:55.970178,2.1257,0,0,failed,ConnectionRefusedError
261,13:21:55.970402,2.1262,0,0,failed,ConnectionRefusedError
256,13:21:55.970576,2.127,0,0,failed,ConnectionRefusedError
274,13:21:55.970796,2.1251,0,0,failed,ConnectionRefusedError
267,13:21:55.970966,2.1261,0,0,failed,ConnectionRefusedError
249,13:21:55.971172,2.1283,0,0,failed,ConnectionRefusedError
194,13:21:55.974077,2.1344,0,0,failed,ConnectionRefusedError
259,13:21:55.974317,2.1303,0,0,failed,ConnectionRefusedError
268,13:21:55.974516,2.1295,0,0,failed,ConnectionRefusedError
265,13:21:55.974664,2.1301,0,0,failed,ConnectionRefusedError
275,13:21:55.974810,2.1291,0,0,failed,ConnectionRefusedError
272,13:21:55.974978,2.1296,0,0,failed,ConnectionRefusedError
255,13:21:55.975195,2.1318,0,0,failed,ConnectionRefusedError
270,13:21:55.975355,2.1302,0,0,failed,ConnectionRefusedError
199,13:21:55.975557,2.138,0,0,failed,ConnectionRefusedError
271,13:21:55.975756,2.1304,0,0,failed,ConnectionRefusedError
278,13:21:55.975963,2.1299,0,0,failed,ConnectionRefusedError
286,13:21:55.976118,2.1292,0,0,failed,ConnectionRefusedError
281,13:21:55.976269,2.1299,0,0,failed,ConnectionRefusedError
266,13:21:55.976462,2.1317,0,0,failed,ConnectionRefusedError
279,13:21:55.976632,2.1305,0,0,failed,ConnectionRefusedError
212,13:21:55.976834,2.1379,0,0,failed,ConnectionRefusedError
273,13:21:55.977059,2.1315,0,0,failed,ConnectionRefusedError
282,13:21:55.977236,2.1308,0,0,failed,ConnectionRefusedError
283,13:21:55.977462,2.1308,0,0,failed,ConnectionRefusedError
292,13:21:55.977624,2.1301,0,0,failed,ConnectionRefusedError
277,13:21:55.977818,2.1319,0,0,failed,ConnectionRefusedError
287,13:21:55.977971,2.131,0,0,failed,ConnectionRefusedError
289,13:21:55.978170,2.1309,0,0,failed,ConnectionRefusedError
221,13:21:55.978340,2.1385,0,0,failed,ConnectionRefusedError
280,13:21:55.978596,2.1323,0,0,failed,ConnectionRefusedError
293,13:21:55.978828,2.1312,0,0,failed,ConnectionRefusedError
288,13:21:55.979022,2.1319,0,0,failed,ConnectionRefusedError
284,13:21:55.979241,2.1325,0,0,failed,ConnectionRefusedError
298,13:21:55.979399,2.1313,0,0,failed,ConnectionRefusedError
296,13:21:55.979640,2.1316,0,0,failed,ConnectionRefusedError
227,13:21:55.979812,2.1393,0,0,failed,ConnectionRefusedError
300,13:21:55.980031,2.1317,0,0,failed,ConnectionRefusedError
297,13:21:55.980200,2.1322,0,0,failed,ConnectionRefusedError
294,13:21:55.980454,2.1327,0,0,failed,ConnectionRefusedError
238,13:21:55.980614,2.139,0,0,failed,ConnectionRefusedError
299,13:21:55.980901,2.1326,0,0,failed,ConnectionRefusedError
290,13:21:55.981135,2.1338,0,0,failed,ConnectionRefusedError
241,13:21:55.981300,2.1393,0,0,failed,ConnectionRefusedError
295,13:21:55.981487,2.1336,0,0,failed,ConnectionRefusedError
248,13:21:55.981672,2.139,0,0,failed,ConnectionRefusedError
258,13:21:55.981902,2.138,0,0,failed,ConnectionRefusedError
263,13:21:55.982103,2.1377,0,0,failed,ConnectionRefusedError
276,13:21:55.982342,2.1365,0,0,failed,ConnectionRefusedError
285,13:21:55.982560,2.1357,0,0,failed,ConnectionRefusedError
291,13:21:55.982787,2.1353,0,0,failed,ConnectionRefusedError
309,13:21:55.989581,2.1396,0,0,failed,ConnectionRefusedError
304,13:21:55.990224,2.1412,0,0,failed,ConnectionRefusedError
310,13:21:55.990514,2.1411,0,0,failed,ConnectionRefusedError
303,13:21:55.990895,2.1421,0,0,failed,ConnectionRefusedError
308,13:21:55.991265,2.1419,0,0,failed,ConnectionRefusedError
307,13:21:55.991537,2.1424,0,0,failed,ConnectionRefusedError
301,13:21:55.991914,2.1434,0,0,failed,ConnectionRefusedError
302,13:21:55.992112,2.1435,0,0,failed,ConnectionRefusedError
313,13:21:55.992252,2.1425,0,0,failed,ConnectionRefusedError
316,13:21:55.992416,2.1423,0,0,failed,ConnectionRefusedError
314,13:21:55.992594,2.1427,0,0,failed,ConnectionRefusedError
315,13:21:55.992792,2.1428,0,0,failed,ConnectionRefusedError
317,13:21:55.992940,2.1428,0,0,failed,ConnectionRefusedError
306,13:21:55.993149,2.1441,0,0,failed,ConnectionRefusedError
318,13:21:55.993334,2.143,0,0,failed,ConnectionRefusedError
305,13:21:55.993562,2.1447,0,0,failed,ConnectionRefusedError
324,13:21:55.993768,2.1427,0,0,failed,ConnectionRefusedError
321,13:21:55.993979,2.1433,0,0,failed,ConnectionRefusedError
323,13:21:55.994135,2.1433,0,0,failed,ConnectionRefusedError
322,13:21:55.994284,2.1435,0,0,failed,ConnectionRefusedError
312,13:21:55.994439,2.1448,0,0,failed,ConnectionRefusedError
320,13:21:55.994718,2.1441,0,0,failed,ConnectionRefusedError
319,13:21:55.995026,2.1445,0,0,failed,ConnectionRefusedError
311,13:21:55.995229,2.1456,0,0,failed,ConnectionRefusedError
328,13:21:55.995406,2.144,0,0,failed,ConnectionRefusedError
333,13:21:55.995577,2.1437,0,0,failed,ConnectionRefusedError
327,13:21:55.995762,2.1444,0,0,failed,ConnectionRefusedError
334,13:21:55.995970,2.1439,0,0,failed,ConnectionRefusedError
325,13:21:55.996337,2.145,0,0,failed,ConnectionRefusedError
329,13:21:55.996561,2.145,0,0,failed,ConnectionRefusedError
330,13:21:55.996748,2.1451,0,0,failed,ConnectionRefusedError
326,13:21:55.996912,2.1457,0,0,failed,ConnectionRefusedError
338,13:21:55.997126,2.1447,0,0,failed,ConnectionRefusedError
337,13:21:55.997460,2.145,0,0,failed,ConnectionRefusedError
340,13:21:55.997802,2.145,0,0,failed,ConnectionRefusedError
342,13:21:55.998086,2.1452,0,0,failed,ConnectionRefusedError
332,13:21:55.998386,2.1465,0,0,failed,ConnectionRefusedError
331,13:21:55.998589,2.1469,0,0,failed,ConnectionRefusedError
341,13:21:55.998825,2.1461,0,0,failed,ConnectionRefusedError
343,13:21:55.999109,2.1461,0,0,failed,ConnectionRefusedError
344,13:21:55.999306,2.1462,0,0,failed,ConnectionRefusedError
349,13:21:55.999492,2.146,0,0,failed,ConnectionRefusedError
335,13:21:55.999646,2.1475,0,0,failed,ConnectionRefusedError
347,13:21:55.999913,2.1465,0,0,failed,ConnectionRefusedError
348,13:21:56.000156,2.1466,0,0,failed,ConnectionRefusedError
336,13:21:56.000386,2.1481,0,0,failed,ConnectionRefusedError
353,13:21:56.000689,2.1466,0,0,failed,ConnectionRefusedError
355,13:21:56.001080,2.1467,0,0,failed,ConnectionRefusedError
354,13:21:56.001364,2.1472,0,0,failed,ConnectionRefusedError
346,13:21:56.001539,2.1483,0,0,failed,ConnectionRefusedError
357,13:21:56.001752,2.1474,0,0,failed,ConnectionRefusedError
345,13:21:56.001972,2.1488,0,0,failed,ConnectionRefusedError
358,13:21:56.002193,2.1477,0,0,failed,ConnectionRefusedError
339,13:21:56.002379,2.1498,0,0,failed,ConnectionRefusedError
360,13:21:56.002545,2.1479,0,0,failed,ConnectionRefusedError
359,13:21:56.002757,2.1482,0,0,failed,ConnectionRefusedError
366,13:21:56.002927,2.1477,0,0,failed,ConnectionRefusedError
352,13:21:56.003082,2.1492,0,0,failed,ConnectionRefusedError
364,13:21:56.005961,2.1482,0,0,failed,ConnectionRefusedError
351,13:21:56.006457,2.1525,0,0,failed,ConnectionRefusedError
363,13:21:56.006687,2.1517,0,0,failed,ConnectionRefusedError
350,13:21:56.006901,2.1532,0,0,failed,ConnectionRefusedError
371,13:21:56.007086,2.1513,0,0,failed,ConnectionRefusedError
369,13:21:56.007280,2.1517,0,0,failed,ConnectionRefusedError
372,13:21:56.007482,2.1516,0,0,failed,ConnectionRefusedError
362,13:21:56.007714,2.1528,0,0,failed,ConnectionRefusedError
368,13:21:56.007888,2.1524,0,0,failed,ConnectionRefusedError
356,13:21:56.008080,2.1538,0,0,failed,ConnectionRefusedError
382,13:21:56.008277,2.1514,0,0,failed,ConnectionRefusedError
376,13:21:56.008451,2.1522,0,0,failed,ConnectionRefusedError
381,13:21:56.008643,2.1519,0,0,failed,ConnectionRefusedError
377,13:21:56.008897,2.1526,0,0,failed,ConnectionRefusedError
373,13:21:56.009132,2.1532,0,0,failed,ConnectionRefusedError
365,13:21:56.009292,2.1542,0,0,failed,ConnectionRefusedError
387,13:21:56.009449,2.1501,0,0,failed,ConnectionRefusedError
388,13:21:56.009596,2.1501,0,0,failed,ConnectionRefusedError
385,13:21:56.009771,2.1527,0,0,failed,ConnectionRefusedError
367,13:21:56.009941,2.1546,0,0,failed,ConnectionRefusedError
361,13:21:56.010117,2.1553,0,0,failed,ConnectionRefusedError
384,13:21:56.010282,2.1533,0,0,failed,ConnectionRefusedError
380,13:21:56.010427,2.1538,0,0,failed,ConnectionRefusedError
370,13:21:56.010602,2.155,0,0,failed,ConnectionRefusedError
398,13:21:56.010825,2.1501,0,0,failed,ConnectionRefusedError
397,13:21:56.011037,2.1504,0,0,failed,ConnectionRefusedError
392,13:21:56.011219,2.1512,0,0,failed,ConnectionRefusedError
374,13:21:56.011414,2.1554,0,0,failed,ConnectionRefusedError
378,13:21:56.011560,2.1552,0,0,failed,ConnectionRefusedError
389,13:21:56.011726,2.1521,0,0,failed,ConnectionRefusedError
393,13:21:56.011858,2.1518,0,0,failed,ConnectionRefusedError
375,13:21:56.012014,2.1559,0,0,failed,ConnectionRefusedError
401,13:21:56.012171,2.1512,0,0,failed,ConnectionRefusedError
403,13:21:56.012329,2.1511,0,0,failed,ConnectionRefusedError
402,13:21:56.012497,2.1514,0,0,failed,ConnectionRefusedError
383,13:21:56.012664,2.1558,0,0,failed,ConnectionRefusedError
379,13:21:56.012840,2.1563,0,0,failed,ConnectionRefusedError
406,13:21:56.012986,2.1515,0,0,failed,ConnectionRefusedError
396,13:21:56.013152,2.1527,0,0,failed,ConnectionRefusedError
408,13:21:56.013288,2.1516,0,0,failed,ConnectionRefusedError
386,13:21:56.013445,2.1544,0,0,failed,ConnectionRefusedError
414,13:21:56.013577,2.1512,0,0,failed,ConnectionRefusedError
390,13:21:56.013743,2.1541,0,0,failed,ConnectionRefusedError
394,13:21:56.013882,2.1537,0,0,failed,ConnectionRefusedError
399,13:21:56.014025,2.1533,0,0,failed,ConnectionRefusedError
411,13:21:56.014150,2.1521,0,0,failed,ConnectionRefusedError
418,13:21:56.014295,2.1515,0,0,failed,ConnectionRefusedError
420,13:21:56.014509,2.1514,0,0,failed,ConnectionRefusedError
391,13:21:56.014668,2.1548,0,0,failed,ConnectionRefusedError
395,13:21:56.014875,2.1545,0,0,failed,ConnectionRefusedError
405,13:21:56.015042,2.1536,0,0,failed,ConnectionRefusedError
421,13:21:56.015195,2.152,0,0,failed,ConnectionRefusedError
410,13:21:56.015386,2.1534,0,0,failed,ConnectionRefusedError
423,13:21:56.015536,2.1522,0,0,failed,ConnectionRefusedError
407,13:21:56.015694,2.154,0,0,failed,ConnectionRefusedError
429,13:21:56.015851,2.1519,0,0,failed,ConnectionRefusedError
404,13:21:56.016007,2.1547,0,0,failed,ConnectionRefusedError
412,13:21:56.016145,2.1539,0,0,failed,ConnectionRefusedError
400,13:21:56.016322,2.1554,0,0,failed,ConnectionRefusedError
428,13:21:56.016516,2.1526,0,0,failed,ConnectionRefusedError
416,13:21:56.016674,2.154,0,0,failed,ConnectionRefusedError
417,13:21:56.016810,2.1541,0,0,failed,ConnectionRefusedError
413,13:21:56.016957,2.1546,0,0,failed,ConnectionRefusedError
409,13:21:56.017117,2.1552,0,0,failed,ConnectionRefusedError
422,13:21:56.017272,2.154,0,0,failed,ConnectionRefusedError
424,13:21:56.017420,2.154,0,0,failed,ConnectionRefusedError
419,13:21:56.017548,2.1546,0,0,failed,ConnectionRefusedError
415,13:21:56.017697,2.1552,0,0,failed,ConnectionRefusedError
427,13:21:56.017872,2.1541,0,0,failed,ConnectionRefusedError
430,13:21:56.018078,2.1539,0,0,failed,ConnectionRefusedError
431,13:21:56.018254,2.1541,0,0,failed,ConnectionRefusedError
425,13:21:56.018412,2.1549,0,0,failed,ConnectionRefusedError
432,13:21:56.018585,2.1543,0,0,failed,ConnectionRefusedError
426,13:21:56.018744,2.1551,0,0,failed,ConnectionRefusedError
433,13:21:56.018893,2.1545,0,0,failed,ConnectionRefusedError
440,13:21:56.019049,2.154,0,0,failed,ConnectionRefusedError
436,13:21:56.021457,2.1545,0,0,failed,ConnectionRefusedError
442,13:21:56.021742,2.1564,0,0,failed,ConnectionRefusedError
438,13:21:56.021956,2.157,0,0,failed,ConnectionRefusedError
435,13:21:56.022230,2.1576,0,0,failed,ConnectionRefusedError
434,13:21:56.022612,2.158,0,0,failed,ConnectionRefusedError
441,13:21:56.022883,2.1577,0,0,failed,ConnectionRefusedError
453,13:21:56.023112,2.1565,0,0,failed,ConnectionRefusedError
439,13:21:56.023288,2.1583,0,0,failed,ConnectionRefusedError
446,13:21:56.023472,2.1577,0,0,failed,ConnectionRefusedError
445,13:21:56.023662,2.158,0,0,failed,ConnectionRefusedError
443,13:21:56.023833,2.1584,0,0,failed,ConnectionRefusedError
451,13:21:56.023981,2.1577,0,0,failed,ConnectionRefusedError
452,13:21:56.024143,2.1577,0,0,failed,ConnectionRefusedError
448,13:21:56.024286,2.1584,0,0,failed,ConnectionRefusedError
454,13:21:56.024448,2.1578,0,0,failed,ConnectionRefusedError
447,13:21:56.024596,2.1588,0,0,failed,ConnectionRefusedError
460,13:21:56.024771,2.1575,0,0,failed,ConnectionRefusedError
462,13:21:56.024953,2.1575,0,0,failed,ConnectionRefusedError
450,13:21:56.025105,2.159,0,0,failed,ConnectionRefusedError
461,13:21:56.025256,2.1579,0,0,failed,ConnectionRefusedError
457,13:21:56.025416,2.1585,0,0,failed,ConnectionRefusedError
463,13:21:56.025601,2.158,0,0,failed,ConnectionRefusedError
459,13:21:56.025765,2.1586,0,0,failed,ConnectionRefusedError
458,13:21:56.025914,2.1589,0,0,failed,ConnectionRefusedError
466,13:21:56.026078,2.1582,0,0,failed,ConnectionRefusedError
465,13:21:56.026207,2.1584,0,0,failed,ConnectionRefusedError
455,13:21:56.026373,2.1596,0,0,failed,ConnectionRefusedError
474,13:21:56.026533,2.1578,0,0,failed,ConnectionRefusedError
470,13:21:56.026707,2.1584,0,0,failed,ConnectionRefusedError
469,13:21:56.026868,2.1587,0,0,failed,ConnectionRefusedError
464,13:21:56.027009,2.1593,0,0,failed,ConnectionRefusedError
471,13:21:56.027190,2.1588,0,0,failed,ConnectionRefusedError
472,13:21:56.027328,2.1588,0,0,failed,ConnectionRefusedError
468,13:21:56.027465,2.1594,0,0,failed,ConnectionRefusedError
480,13:21:56.027604,2.1583,0,0,failed,ConnectionRefusedError
475,13:21:56.027761,2.1589,0,0,failed,ConnectionRefusedError
473,13:21:56.027934,2.1593,0,0,failed,ConnectionRefusedError
476,13:21:56.028141,2.1592,0,0,failed,ConnectionRefusedError
481,13:21:56.028306,2.1589,0,0,failed,ConnectionRefusedError
482,13:21:56.028458,2.1589,0,0,failed,ConnectionRefusedError
477,13:21:56.028596,2.1596,0,0,failed,ConnectionRefusedError
489,13:21:56.028733,2.1585,0,0,failed,ConnectionRefusedError
485,13:21:56.028896,2.1591,0,0,failed,ConnectionRefusedError
479,13:21:56.029067,2.1599,0,0,failed,ConnectionRefusedError
486,13:21:56.029218,2.1593,0,0,failed,ConnectionRefusedError
488,13:21:56.029379,2.1592,0,0,failed,ConnectionRefusedError
487,13:21:56.029534,2.1595,0,0,failed,ConnectionRefusedError
483,13:21:56.029703,2.1601,0,0,failed,ConnectionRefusedError
502,13:21:56.029850,2.1583,0,0,failed,ConnectionRefusedError
492,13:21:56.030031,2.1595,0,0,failed,ConnectionRefusedError
490,13:21:56.030185,2.1598,0,0,failed,ConnectionRefusedError
491,13:21:56.030345,2.1599,0,0,failed,ConnectionRefusedError
499,13:21:56.030518,2.1592,0,0,failed,ConnectionRefusedError
500,13:21:56.030684,2.1593,0,0,failed,ConnectionRefusedError
494,13:21:56.030872,2.1601,0,0,failed,ConnectionRefusedError
507,13:21:56.031030,2.159,0,0,failed,ConnectionRefusedError
495,13:21:56.031190,2.1603,0,0,failed,ConnectionRefusedError
501,13:21:56.031336,2.1599,0,0,failed,ConnectionRefusedError
496,13:21:56.031495,2.1605,0,0,failed,ConnectionRefusedError
509,13:21:56.031656,2.1594,0,0,failed,ConnectionRefusedError
510,13:21:56.031821,2.1595,0,0,failed,ConnectionRefusedError
497,13:21:56.031965,2.1609,0,0,failed,ConnectionRefusedError
512,13:21:56.032107,2.1595,0,0,failed,ConnectionRefusedError
506,13:21:56.032247,2.1603,0,0,failed,ConnectionRefusedError
505,13:21:56.032406,2.1606,0,0,failed,ConnectionRefusedError
508,13:21:56.032584,2.1604,0,0,failed,ConnectionRefusedError
513,13:21:56.032718,2.1601,0,0,failed,ConnectionRefusedError
514,13:21:56.032886,2.1601,0,0,failed,ConnectionRefusedError
521,13:21:56.033047,2.1595,0,0,failed,ConnectionRefusedError
517,13:21:56.033214,2.16,0,0,failed,ConnectionRefusedError
518,13:21:56.033526,2.1602,0,0,failed,ConnectionRefusedError
511,13:21:56.033707,2.1612,0,0,failed,ConnectionRefusedError
520,13:21:56.033908,2.1604,0,0,failed,ConnectionRefusedError
519,13:21:56.034070,2.1607,0,0,failed,ConnectionRefusedError
534,13:21:56.034300,2.1594,0,0,failed,ConnectionRefusedError
524,13:21:56.034459,2.1606,0,0,failed,ConnectionRefusedError
522,13:21:56.034657,2.161,0,0,failed,ConnectionRefusedError
523,13:21:56.034813,2.1611,0,0,failed,ConnectionRefusedError
532,13:21:56.037096,2.1604,0,0,failed,ConnectionRefusedError
531,13:21:56.037308,2.1628,0,0,failed,ConnectionRefusedError
527,13:21:56.037498,2.1633,0,0,failed,ConnectionRefusedError
539,13:21:56.037697,2.1623,0,0,failed,ConnectionRefusedError
504,13:21:56.037918,2.1661,0,0,failed,ConnectionRefusedError
541,13:21:56.038130,2.1625,0,0,failed,ConnectionRefusedError
533,13:21:56.038310,2.1636,0,0,failed,ConnectionRefusedError
528,13:21:56.038503,2.1642,0,0,failed,ConnectionRefusedError
542,13:21:56.038699,2.163,0,0,failed,ConnectionRefusedError
549,13:21:56.038875,2.1624,0,0,failed,ConnectionRefusedError
538,13:21:56.039059,2.1638,0,0,failed,ConnectionRefusedError
437,13:21:56.039239,2.1744,0,0,failed,ConnectionRefusedError
515,13:21:56.039418,2.1665,0,0,failed,ConnectionRefusedError
547,13:21:56.039584,2.1633,0,0,failed,ConnectionRefusedError
537,13:21:56.039736,2.1646,0,0,failed,ConnectionRefusedError
540,13:21:56.039918,2.1645,0,0,failed,ConnectionRefusedError
548,13:21:56.040046,2.1637,0,0,failed,ConnectionRefusedError
556,13:21:56.040226,2.1631,0,0,failed,ConnectionRefusedError
544,13:21:56.040389,2.1644,0,0,failed,ConnectionRefusedError
444,13:21:56.040652,2.1751,0,0,failed,ConnectionRefusedError
558,13:21:56.040842,2.1635,0,0,failed,ConnectionRefusedError
526,13:21:56.041028,2.167,0,0,failed,ConnectionRefusedError
543,13:21:56.041246,2.1653,0,0,failed,ConnectionRefusedError
550,13:21:56.041400,2.1649,0,0,failed,ConnectionRefusedError
559,13:21:56.041623,2.1642,0,0,failed,ConnectionRefusedError
553,13:21:56.041847,2.165,0,0,failed,ConnectionRefusedError
449,13:21:56.042027,2.176,0,0,failed,ConnectionRefusedError
555,13:21:56.042204,2.1652,0,0,failed,ConnectionRefusedError
554,13:21:56.042375,2.1655,0,0,failed,ConnectionRefusedError
561,13:21:56.042628,2.165,0,0,failed,ConnectionRefusedError
529,13:21:56.042770,2.1684,0,0,failed,ConnectionRefusedError
557,13:21:56.042995,2.1657,0,0,failed,ConnectionRefusedError
566,13:21:56.043138,2.1651,0,0,failed,ConnectionRefusedError
570,13:21:56.043365,2.1649,0,0,failed,ConnectionRefusedError
456,13:21:56.043570,2.1767,0,0,failed,ConnectionRefusedError
560,13:21:56.043773,2.1662,0,0,failed,ConnectionRefusedError
565,13:21:56.043971,2.166,0,0,failed,ConnectionRefusedError
568,13:21:56.044149,2.1659,0,0,failed,ConnectionRefusedError
536,13:21:56.044294,2.1692,0,0,failed,ConnectionRefusedError
562,13:21:56.044521,2.1668,0,0,failed,ConnectionRefusedError
579,13:21:56.044726,2.1654,0,0,failed,ConnectionRefusedError
571,13:21:56.044923,2.1663,0,0,failed,ConnectionRefusedError
467,13:21:56.045125,2.1771,0,0,failed,ConnectionRefusedError
572,13:21:56.045378,2.1666,0,0,failed,ConnectionRefusedError
569,13:21:56.045524,2.1672,0,0,failed,ConnectionRefusedError
546,13:21:56.045748,2.1696,0,0,failed,ConnectionRefusedError
581,13:21:56.045909,2.1663,0,0,failed,ConnectionRefusedError
478,13:21:56.046112,2.177,0,0,failed,ConnectionRefusedError
567,13:21:56.046260,2.1681,0,0,failed,ConnectionRefusedError
578,13:21:56.046514,2.1672,0,0,failed,ConnectionRefusedError
577,13:21:56.046701,2.1675,0,0,failed,ConnectionRefusedError
580,13:21:56.046903,2.1673,0,0,failed,ConnectionRefusedError
551,13:21:56.047192,2.1705,0,0,failed,ConnectionRefusedError
588,13:21:56.047348,2.167,0,0,failed,ConnectionRefusedError
582,13:21:56.047555,2.1678,0,0,failed,ConnectionRefusedError
484,13:21:56.047781,2.178,0,0,failed,ConnectionRefusedError
583,13:21:56.047963,2.1681,0,0,failed,ConnectionRefusedError
564,13:21:56.048148,2.1702,0,0,failed,ConnectionRefusedError
493,13:21:56.048387,2.1777,0,0,failed,ConnectionRefusedError
587,13:21:56.048560,2.1683,0,0,failed,ConnectionRefusedError
498,13:21:56.048721,2.1775,0,0,failed,ConnectionRefusedError
584,13:21:56.048937,2.169,0,0,failed,ConnectionRefusedError
573,13:21:56.049119,2.1703,0,0,failed,ConnectionRefusedError
503,13:21:56.049318,2.1776,0,0,failed,ConnectionRefusedError
576,13:21:56.049542,2.1705,0,0,failed,ConnectionRefusedError
516,13:21:56.049779,2.1766,0,0,failed,ConnectionRefusedError
585,13:21:56.049992,2.1699,0,0,failed,ConnectionRefusedError
525,13:21:56.050229,2.1762,0,0,failed,ConnectionRefusedError
530,13:21:56.050465,2.176,0,0,failed,ConnectionRefusedError
535,13:21:56.050616,2.1756,0,0,failed,ConnectionRefusedError
545,13:21:56.050795,2.1748,0,0,failed,ConnectionRefusedError
552,13:21:56.053310,2.1743,0,0,failed,ConnectionRefusedError
563,13:21:56.053565,2.1758,0,0,failed,ConnectionRefusedError
574,13:21:56.053805,2.1749,0,0,failed,ConnectionRefusedError
575,13:21:56.053959,2.175,0,0,failed,ConnectionRefusedError
586,13:21:56.054120,2.174,0,0,failed,ConnectionRefusedError
590,13:21:56.054308,2.1737,0,0,failed,ConnectionRefusedError
596,13:21:56.054470,2.1733,0,0,failed,ConnectionRefusedError
591,13:21:56.054634,2.174,0,0,failed,ConnectionRefusedError
589,13:21:56.054841,2.1744,0,0,failed,ConnectionRefusedError
595,13:21:56.055145,2.174,0,0,failed,ConnectionRefusedError
592,13:21:56.055368,2.1746,0,0,failed,ConnectionRefusedError
597,13:21:56.055627,2.1743,0,0,failed,ConnectionRefusedError
593,13:21:56.055944,2.1751,0,0,failed,ConnectionRefusedError
605,13:21:56.056132,2.1741,0,0,failed,ConnectionRefusedError
594,13:21:56.056300,2.1754,0,0,failed,ConnectionRefusedError
606,13:21:56.056449,2.1743,0,0,failed,ConnectionRefusedError
602,13:21:56.056607,2.1749,0,0,failed,ConnectionRefusedError
601,13:21:56.056807,2.1751,0,0,failed,ConnectionRefusedError
604,13:21:56.056957,2.175,0,0,failed,ConnectionRefusedError
600,13:21:56.057162,2.1756,0,0,failed,ConnectionRefusedError
611,13:21:56.057372,2.1748,0,0,failed,ConnectionRefusedError
612,13:21:56.057572,2.1748,0,0,failed,ConnectionRefusedError
599,13:21:56.057714,2.1763,0,0,failed,ConnectionRefusedError
608,13:21:56.057948,2.1756,0,0,failed,ConnectionRefusedError
607,13:21:56.058154,2.1759,0,0,failed,ConnectionRefusedError
614,13:21:56.058369,2.1754,0,0,failed,ConnectionRefusedError
610,13:21:56.058568,2.176,0,0,failed,ConnectionRefusedError
622,13:21:56.058752,2.175,0,0,failed,ConnectionRefusedError
621,13:21:56.058993,2.1753,0,0,failed,ConnectionRefusedError
617,13:21:56.059198,2.1759,0,0,failed,ConnectionRefusedError
619,13:21:56.059434,2.176,0,0,failed,ConnectionRefusedError
618,13:21:56.059656,2.1763,0,0,failed,ConnectionRefusedError
625,13:21:56.059824,2.1758,0,0,failed,ConnectionRefusedError
615,13:21:56.060043,2.177,0,0,failed,ConnectionRefusedError
626,13:21:56.060189,2.1761,0,0,failed,ConnectionRefusedError
630,13:21:56.060433,2.1759,0,0,failed,ConnectionRefusedError
598,13:21:56.060600,2.1792,0,0,failed,ConnectionRefusedError
624,13:21:56.060805,2.1769,0,0,failed,ConnectionRefusedError
629,13:21:56.060990,2.1766,0,0,failed,ConnectionRefusedError
628,13:21:56.061167,2.1769,0,0,failed,ConnectionRefusedError
632,13:21:56.061340,2.1766,0,0,failed,ConnectionRefusedError
631,13:21:56.061512,2.1769,0,0,failed,ConnectionRefusedError
603,13:21:56.061740,2.1799,0,0,failed,ConnectionRefusedError
635,13:21:56.061954,2.1769,0,0,failed,ConnectionRefusedError
609,13:21:56.062137,2.1797,0,0,failed,ConnectionRefusedError
633,13:21:56.062336,2.1775,0,0,failed,ConnectionRefusedError
636,13:21:56.062520,2.1774,0,0,failed,ConnectionRefusedError
637,13:21:56.062659,2.1775,0,0,failed,ConnectionRefusedError
641,13:21:56.062869,2.1772,0,0,failed,ConnectionRefusedError
642,13:21:56.063057,2.1774,0,0,failed,ConnectionRefusedError
613,13:21:56.063290,2.1804,0,0,failed,ConnectionRefusedError
646,13:21:56.063494,2.1773,0,0,failed,ConnectionRefusedError
640,13:21:56.063698,2.1782,0,0,failed,ConnectionRefusedError
645,13:21:56.063978,2.1778,0,0,failed,ConnectionRefusedError
616,13:21:56.064170,2.181,0,0,failed,ConnectionRefusedError
644,13:21:56.064395,2.1785,0,0,failed,ConnectionRefusedError
648,13:21:56.064560,2.1782,0,0,failed,ConnectionRefusedError
647,13:21:56.064713,2.1784,0,0,failed,ConnectionRefusedError
651,13:21:56.064904,2.1782,0,0,failed,ConnectionRefusedError
620,13:21:56.065055,2.1816,0,0,failed,ConnectionRefusedError
627,13:21:56.065262,2.181,0,0,failed,ConnectionRefusedError
649,13:21:56.065429,2.179,0,0,failed,ConnectionRefusedError
659,13:21:56.065662,2.1782,0,0,failed,ConnectionRefusedError
653,13:21:56.065881,2.179,0,0,failed,ConnectionRefusedError
660,13:21:56.068304,2.1785,0,0,failed,ConnectionRefusedError
656,13:21:56.068574,2.1814,0,0,failed,ConnectionRefusedError
623,13:21:56.068768,2.1849,0,0,failed,ConnectionRefusedError
638,13:21:56.068909,2.1836,0,0,failed,ConnectionRefusedError
662,13:21:56.069063,2.1813,0,0,failed,ConnectionRefusedError
658,13:21:56.069232,2.1819,0,0,failed,ConnectionRefusedError
670,13:21:56.069423,2.1808,0,0,failed,ConnectionRefusedError
669,13:21:56.069557,2.1811,0,0,failed,ConnectionRefusedError
665,13:21:56.069695,2.1817,0,0,failed,ConnectionRefusedError
634,13:21:56.069874,2.185,0,0,failed,ConnectionRefusedError
652,13:21:56.070023,2.1833,0,0,failed,ConnectionRefusedError
643,13:21:56.070213,2.1844,0,0,failed,ConnectionRefusedError
667,13:21:56.070373,2.1821,0,0,failed,ConnectionRefusedError
663,13:21:56.070558,2.1827,0,0,failed,ConnectionRefusedError
676,13:21:56.070708,2.1816,0,0,failed,ConnectionRefusedError
675,13:21:56.070888,2.1818,0,0,failed,ConnectionRefusedError
639,13:21:56.071029,2.1856,0,0,failed,ConnectionRefusedError
671,13:21:56.071238,2.1826,0,0,failed,ConnectionRefusedError
654,13:21:56.071517,2.1845,0,0,failed,ConnectionRefusedError
655,13:21:56.071723,2.1847,0,0,failed,ConnectionRefusedError
677,13:21:56.071911,2.1827,0,0,failed,ConnectionRefusedError
673,13:21:56.072126,2.1833,0,0,failed,ConnectionRefusedError
685,13:21:56.072344,2.1823,0,0,failed,ConnectionRefusedError
686,13:21:56.072612,2.1824,0,0,failed,ConnectionRefusedError
650,13:21:56.072805,2.1862,0,0,failed,ConnectionRefusedError
682,13:21:56.073000,2.1832,0,0,failed,ConnectionRefusedError
657,13:21:56.073171,2.1859,0,0,failed,ConnectionRefusedError
684,13:21:56.073349,2.1834,0,0,failed,ConnectionRefusedError
666,13:21:56.073529,2.1854,0,0,failed,ConnectionRefusedError
690,13:21:56.073737,2.1831,0,0,failed,ConnectionRefusedError
680,13:21:56.073958,2.1843,0,0,failed,ConnectionRefusedError
664,13:21:56.074124,2.1862,0,0,failed,ConnectionRefusedError
693,13:21:56.074358,2.1834,0,0,failed,ConnectionRefusedError
672,13:21:56.074520,2.1858,0,0,failed,ConnectionRefusedError
687,13:21:56.074724,2.1844,0,0,failed,ConnectionRefusedError
695,13:21:56.074916,2.1838,0,0,failed,ConnectionRefusedError
691,13:21:56.075169,2.1845,0,0,failed,ConnectionRefusedError
674,13:21:56.075363,2.1864,0,0,failed,ConnectionRefusedError
661,13:21:56.075554,2.1879,0,0,failed,ConnectionRefusedError
700,13:21:56.075787,2.1841,0,0,failed,ConnectionRefusedError
689,13:21:56.075958,2.1855,0,0,failed,ConnectionRefusedError
681,13:21:56.076181,2.1865,0,0,failed,ConnectionRefusedError
698,13:21:56.076335,2.1849,0,0,failed,ConnectionRefusedError
710,13:21:56.076581,2.1837,0,0,failed,ConnectionRefusedError
702,13:21:56.076726,2.1849,0,0,failed,ConnectionRefusedError
679,13:21:56.076949,2.1875,0,0,failed,ConnectionRefusedError
668,13:21:56.077159,2.1888,0,0,failed,ConnectionRefusedError
705,13:21:56.077358,2.1851,0,0,failed,ConnectionRefusedError
696,13:21:56.077580,2.1863,0,0,failed,ConnectionRefusedError
707,13:21:56.077757,2.1854,0,0,failed,ConnectionRefusedError
694,13:21:56.077975,2.187,0,0,failed,ConnectionRefusedError
703,13:21:56.078169,2.1862,0,0,failed,ConnectionRefusedError
715,13:21:56.078429,2.1851,0,0,failed,ConnectionRefusedError
692,13:21:56.078617,2.1878,0,0,failed,ConnectionRefusedError
712,13:21:56.078811,2.1858,0,0,failed,ConnectionRefusedError
678,13:21:56.079041,2.1897,0,0,failed,ConnectionRefusedError
709,13:21:56.079248,2.1865,0,0,failed,ConnectionRefusedError
718,13:21:56.079507,2.1858,0,0,failed,ConnectionRefusedError
699,13:21:56.079657,2.1881,0,0,failed,ConnectionRefusedError
720,13:21:56.079876,2.186,0,0,failed,ConnectionRefusedError
714,13:21:56.080018,2.1868,0,0,failed,ConnectionRefusedError
701,13:21:56.080263,2.1884,0,0,failed,ConnectionRefusedError
683,13:21:56.080476,2.1906,0,0,failed,ConnectionRefusedError
723,13:21:56.080684,2.1866,0,0,failed,ConnectionRefusedError
721,13:21:56.080879,2.187,0,0,failed,ConnectionRefusedError
706,13:21:56.081081,2.1887,0,0,failed,ConnectionRefusedError
725,13:21:56.081316,2.187,0,0,failed,ConnectionRefusedError
729,13:21:56.083747,2.1868,0,0,failed,ConnectionRefusedError
704,13:21:56.084015,2.1919,0,0,failed,ConnectionRefusedError
688,13:21:56.084211,2.1938,0,0,failed,ConnectionRefusedError
734,13:21:56.084396,2.1892,0,0,failed,ConnectionRefusedError
716,13:21:56.084570,2.1912,0,0,failed,ConnectionRefusedError
711,13:21:56.084734,2.1919,0,0,failed,ConnectionRefusedError
728,13:21:56.084939,2.1904,0,0,failed,ConnectionRefusedError
735,13:21:56.085111,2.1899,0,0,failed,ConnectionRefusedError
732,13:21:56.085299,2.1903,0,0,failed,ConnectionRefusedError
713,13:21:56.085478,2.1924,0,0,failed,ConnectionRefusedError
740,13:21:56.085702,2.1899,0,0,failed,ConnectionRefusedError
697,13:21:56.085880,2.1946,0,0,failed,ConnectionRefusedError
719,13:21:56.086107,2.1924,0,0,failed,ConnectionRefusedError
738,13:21:56.086312,2.1907,0,0,failed,ConnectionRefusedError
724,13:21:56.086537,2.1924,0,0,failed,ConnectionRefusedError
742,13:21:56.086688,2.1907,0,0,failed,ConnectionRefusedError
746,13:21:56.086936,2.1906,0,0,failed,ConnectionRefusedError
726,13:21:56.087156,2.1927,0,0,failed,ConnectionRefusedError
730,13:21:56.087342,2.1926,0,0,failed,ConnectionRefusedError
708,13:21:56.087561,2.195,0,0,failed,ConnectionRefusedError
733,13:21:56.087736,2.1927,0,0,failed,ConnectionRefusedError
743,13:21:56.087976,2.1919,0,0,failed,ConnectionRefusedError
731,13:21:56.088140,2.1933,0,0,failed,ConnectionRefusedError
736,13:21:56.088409,2.1929,0,0,failed,ConnectionRefusedError
717,13:21:56.088605,2.1951,0,0,failed,ConnectionRefusedError
739,13:21:56.088836,2.1932,0,0,failed,ConnectionRefusedError
741,13:21:56.089116,2.1932,0,0,failed,ConnectionRefusedError
745,13:21:56.089319,2.1931,0,0,failed,ConnectionRefusedError
722,13:21:56.089596,2.1955,0,0,failed,ConnectionRefusedError
727,13:21:56.089778,2.1953,0,0,failed,ConnectionRefusedError
737,13:21:56.090001,2.1945,0,0,failed,ConnectionRefusedError
744,13:21:56.090146,2.194,0,0,failed,ConnectionRefusedError
758,13:21:56.090383,2.1928,0,0,failed,ConnectionRefusedError
748,13:21:56.090568,2.194,0,0,failed,ConnectionRefusedError
757,13:21:56.090804,2.1933,0,0,failed,ConnectionRefusedError
747,13:21:56.091082,2.1946,0,0,failed,ConnectionRefusedError
750,13:21:56.091265,2.1945,0,0,failed,ConnectionRefusedError
763,13:21:56.091544,2.1934,0,0,failed,ConnectionRefusedError
752,13:21:56.091742,2.1948,0,0,failed,ConnectionRefusedError
756,13:21:56.091983,2.1946,0,0,failed,ConnectionRefusedError
764,13:21:56.092190,2.194,0,0,failed,ConnectionRefusedError
753,13:21:56.092426,2.1954,0,0,failed,ConnectionRefusedError
755,13:21:56.092720,2.1954,0,0,failed,ConnectionRefusedError
749,13:21:56.092894,2.1963,0,0,failed,ConnectionRefusedError
773,13:21:56.093105,2.1941,0,0,failed,ConnectionRefusedError
774,13:21:56.093321,2.1941,0,0,failed,ConnectionRefusedError
761,13:21:56.093569,2.1957,0,0,failed,ConnectionRefusedError
765,13:21:56.093818,2.1955,0,0,failed,ConnectionRefusedError
760,13:21:56.094017,2.1963,0,0,failed,ConnectionRefusedError
754,13:21:56.094211,2.197,0,0,failed,ConnectionRefusedError
766,13:21:56.094414,2.1961,0,0,failed,ConnectionRefusedError
780,13:21:56.094657,2.1948,0,0,failed,ConnectionRefusedError
779,13:21:56.094837,2.1951,0,0,failed,ConnectionRefusedError
767,13:21:56.095037,2.1966,0,0,failed,ConnectionRefusedError
770,13:21:56.095340,2.1965,0,0,failed,ConnectionRefusedError
771,13:21:56.095512,2.1967,0,0,failed,ConnectionRefusedError
759,13:21:56.095713,2.1981,0,0,failed,ConnectionRefusedError
772,13:21:56.095875,2.197,0,0,failed,ConnectionRefusedError
751,13:21:56.096077,2.1992,0,0,failed,ConnectionRefusedError
783,13:21:56.096263,2.1962,0,0,failed,ConnectionRefusedError
784,13:21:56.096479,2.1963,0,0,failed,ConnectionRefusedError
778,13:21:56.096673,2.1971,0,0,failed,ConnectionRefusedError
782,13:21:56.096885,2.1969,0,0,failed,ConnectionRefusedError
775,13:21:56.097049,2.1978,0,0,failed,ConnectionRefusedError
781,13:21:56.099497,2.1973,0,0,failed,ConnectionRefusedError
769,13:21:56.099758,2.2011,0,0,failed,ConnectionRefusedError
762,13:21:56.099951,2.202,0,0,failed,ConnectionRefusedError
794,13:21:56.100133,2.1989,0,0,failed,ConnectionRefusedError
793,13:21:56.100348,2.1992,0,0,failed,ConnectionRefusedError
789,13:21:56.100552,2.1998,0,0,failed,ConnectionRefusedError
788,13:21:56.100737,2.2001,0,0,failed,ConnectionRefusedError
786,13:21:56.100908,2.2005,0,0,failed,ConnectionRefusedError
768,13:21:56.101095,2.2026,0,0,failed,ConnectionRefusedError
800,13:21:56.101334,2.1995,0,0,failed,ConnectionRefusedError
799,13:21:56.101513,2.1998,0,0,failed,ConnectionRefusedError
796,13:21:56.101735,2.2003,0,0,failed,ConnectionRefusedError
776,13:21:56.101931,2.2025,0,0,failed,ConnectionRefusedError
797,13:21:56.102176,2.2006,0,0,failed,ConnectionRefusedError
791,13:21:56.102399,2.2015,0,0,failed,ConnectionRefusedError
777,13:21:56.102598,2.2031,0,0,failed,ConnectionRefusedError
809,13:21:56.102803,2.2001,0,0,failed,ConnectionRefusedError
806,13:21:56.102990,2.2006,0,0,failed,ConnectionRefusedError
810,13:21:56.103211,2.2004,0,0,failed,ConnectionRefusedError
785,13:21:56.103398,2.2031,0,0,failed,ConnectionRefusedError
803,13:21:56.103597,2.2014,0,0,failed,ConnectionRefusedError
787,13:21:56.103773,2.2033,0,0,failed,ConnectionRefusedError
801,13:21:56.104004,2.202,0,0,failed,ConnectionRefusedError
790,13:21:56.104251,2.2034,0,0,failed,ConnectionRefusedError
822,13:21:56.104453,2.2005,0,0,failed,ConnectionRefusedError
811,13:21:56.104659,2.2017,0,0,failed,ConnectionRefusedError
821,13:21:56.104866,2.201,0,0,failed,ConnectionRefusedError
792,13:21:56.105107,2.2041,0,0,failed,ConnectionRefusedError
814,13:21:56.105286,2.2021,0,0,failed,ConnectionRefusedError
798,13:21:56.105516,2.2039,0,0,failed,ConnectionRefusedError
808,13:21:56.105733,2.2031,0,0,failed,ConnectionRefusedError
795,13:21:56.105947,2.2046,0,0,failed,ConnectionRefusedError
827,13:21:56.106143,2.2017,0,0,failed,ConnectionRefusedError
828,13:21:56.106314,2.2018,0,0,failed,ConnectionRefusedError
816,13:21:56.106494,2.2031,0,0,failed,ConnectionRefusedError
802,13:21:56.106670,2.2046,0,0,failed,ConnectionRefusedError
817,13:21:56.106877,2.2033,0,0,failed,ConnectionRefusedError
804,13:21:56.107088,2.2049,0,0,failed,ConnectionRefusedError
819,13:21:56.107328,2.2036,0,0,failed,ConnectionRefusedError
805,13:21:56.107511,2.2052,0,0,failed,ConnectionRefusedError
825,13:21:56.107722,2.2034,0,0,failed,ConnectionRefusedError
833,13:21:56.107898,2.2028,0,0,failed,ConnectionRefusedError
807,13:21:56.108086,2.2056,0,0,failed,ConnectionRefusedError
824,13:21:56.108295,2.2041,0,0,failed,ConnectionRefusedError
830,13:21:56.108461,2.2037,0,0,failed,ConnectionRefusedError
813,13:21:56.108636,2.2055,0,0,failed,ConnectionRefusedError
812,13:21:56.108795,2.2058,0,0,failed,ConnectionRefusedError
834,13:21:56.108979,2.2038,0,0,failed,ConnectionRefusedError
836,13:21:56.109192,2.2038,0,0,failed,ConnectionRefusedError
840,13:21:56.109373,2.2035,0,0,failed,ConnectionRefusedError
820,13:21:56.109553,2.2058,0,0,failed,ConnectionRefusedError
837,13:21:56.109714,2.2043,0,0,failed,ConnectionRefusedError
831,13:21:56.109931,2.205,0,0,failed,ConnectionRefusedError
818,13:21:56.110198,2.2065,0,0,failed,ConnectionRefusedError
815,13:21:56.110364,2.2071,0,0,failed,ConnectionRefusedError
839,13:21:56.110564,2.2048,0,0,failed,ConnectionRefusedError
845,13:21:56.110768,2.2045,0,0,failed,ConnectionRefusedError
851,13:21:56.110974,2.204,0,0,failed,ConnectionRefusedError
844,13:21:56.111218,2.205,0,0,failed,ConnectionRefusedError
829,13:21:56.111417,2.2067,0,0,failed,ConnectionRefusedError
842,13:21:56.111571,2.2056,0,0,failed,ConnectionRefusedError
823,13:21:56.111732,2.2077,0,0,failed,ConnectionRefusedError
826,13:21:56.111923,2.2075,0,0,failed,ConnectionRefusedError
852,13:21:56.112084,2.2051,0,0,failed,ConnectionRefusedError
850,13:21:56.112274,2.2054,0,0,failed,ConnectionRefusedError
865,13:21:56.112486,2.204,0,0,failed,ConnectionRefusedError
832,13:21:56.112693,2.2077,0,0,failed,ConnectionRefusedError
847,13:21:56.112852,2.2063,0,0,failed,ConnectionRefusedError
838,13:21:56.115171,2.2074,0,0,failed,ConnectionRefusedError
853,13:21:56.115428,2.2083,0,0,failed,ConnectionRefusedError
835,13:21:56.115601,2.2103,0,0,failed,ConnectionRefusedError
866,13:21:56.115791,2.2073,0,0,failed,ConnectionRefusedError
855,13:21:56.115965,2.2085,0,0,failed,ConnectionRefusedError
841,13:21:56.116199,2.2102,0,0,failed,ConnectionRefusedError
858,13:21:56.116381,2.2087,0,0,failed,ConnectionRefusedError
843,13:21:56.116554,2.2104,0,0,failed,ConnectionRefusedError
863,13:21:56.116739,2.2085,0,0,failed,ConnectionRefusedError
846,13:21:56.116927,2.2105,0,0,failed,ConnectionRefusedError
871,13:21:56.117140,2.2081,0,0,failed,ConnectionRefusedError
860,13:21:56.117312,2.2094,0,0,failed,ConnectionRefusedError
854,13:21:56.117541,2.2102,0,0,failed,ConnectionRefusedError
861,13:21:56.117826,2.2097,0,0,failed,ConnectionRefusedError
874,13:21:56.118065,2.2088,0,0,failed,ConnectionRefusedError
848,13:21:56.118285,2.2116,0,0,failed,ConnectionRefusedError
872,13:21:56.118463,2.2094,0,0,failed,ConnectionRefusedError
876,13:21:56.118673,2.2092,0,0,failed,ConnectionRefusedError
849,13:21:56.118840,2.2121,0,0,failed,ConnectionRefusedError
869,13:21:56.119047,2.2102,0,0,failed,ConnectionRefusedError
868,13:21:56.119215,2.2105,0,0,failed,ConnectionRefusedError
857,13:21:56.119490,2.2119,0,0,failed,ConnectionRefusedError
877,13:21:56.119736,2.2101,0,0,failed,ConnectionRefusedError
875,13:21:56.119955,2.2105,0,0,failed,ConnectionRefusedError
885,13:21:56.120167,2.2098,0,0,failed,ConnectionRefusedError
856,13:21:56.120364,2.2128,0,0,failed,ConnectionRefusedError
882,13:21:56.120532,2.2105,0,0,failed,ConnectionRefusedError
859,13:21:56.120705,2.2129,0,0,failed,ConnectionRefusedError
879,13:21:56.120874,2.2111,0,0,failed,ConnectionRefusedError
862,13:21:56.121068,2.2129,0,0,failed,ConnectionRefusedError
884,13:21:56.121234,2.211,0,0,failed,ConnectionRefusedError
870,13:21:56.121437,2.2125,0,0,failed,ConnectionRefusedError
891,13:21:56.121670,2.2108,0,0,failed,ConnectionRefusedError
886,13:21:56.121860,2.2114,0,0,failed,ConnectionRefusedError
887,13:21:56.122067,2.2115,0,0,failed,ConnectionRefusedError
864,13:21:56.122255,2.2139,0,0,failed,ConnectionRefusedError
890,13:21:56.122492,2.2117,0,0,failed,ConnectionRefusedError
867,13:21:56.122807,2.2141,0,0,failed,ConnectionRefusedError
881,13:21:56.123150,2.2132,0,0,failed,ConnectionRefusedError
902,13:21:56.123345,2.2113,0,0,failed,ConnectionRefusedError
892,13:21:56.123521,2.2125,0,0,failed,ConnectionRefusedError
897,13:21:56.123712,2.2122,0,0,failed,ConnectionRefusedError
873,13:21:56.123899,2.2147,0,0,failed,ConnectionRefusedError
896,13:21:56.124082,2.2127,0,0,failed,ConnectionRefusedError
880,13:21:56.124329,2.2144,0,0,failed,ConnectionRefusedError
894,13:21:56.124548,2.2133,0,0,failed,ConnectionRefusedError
888,13:21:56.124779,2.2141,0,0,failed,ConnectionRefusedError
904,13:21:56.124932,2.2127,0,0,failed,ConnectionRefusedError
901,13:21:56.125138,2.2132,0,0,failed,ConnectionRefusedError
905,13:21:56.125305,2.2129,0,0,failed,ConnectionRefusedError
878,13:21:56.125516,2.2158,0,0,failed,ConnectionRefusedError
889,13:21:56.125678,2.215,0,0,failed,ConnectionRefusedError
898,13:21:56.125864,2.2142,0,0,failed,ConnectionRefusedError
899,13:21:56.126022,2.2143,0,0,failed,ConnectionRefusedError
883,13:21:56.126252,2.2161,0,0,failed,ConnectionRefusedError
895,13:21:56.126417,2.2151,0,0,failed,ConnectionRefusedError
903,13:21:56.126609,2.2144,0,0,failed,ConnectionRefusedError
893,13:21:56.126760,2.2157,0,0,failed,ConnectionRefusedError
900,13:21:56.126911,2.2151,0,0,failed,ConnectionRefusedError
906,13:21:56.127095,2.2146,0,0,failed,ConnectionRefusedError
912,13:21:56.127241,2.2142,0,0,failed,ConnectionRefusedError
913,13:21:56.127431,2.2142,0,0,failed,ConnectionRefusedError
908,13:21:56.127614,2.2149,0,0,failed,ConnectionRefusedError
907,13:21:56.127788,2.2152,0,0,failed,ConnectionRefusedError
914,13:21:56.127938,2.2147,0,0,failed,ConnectionRefusedError
910,13:21:56.128102,2.2152,0,0,failed,ConnectionRefusedError
911,13:21:56.128273,2.2153,0,0,failed,ConnectionRefusedError
921,13:21:56.128404,2.2145,0,0,failed,ConnectionRefusedError
909,13:21:56.128573,2.2158,0,0,failed,ConnectionRefusedError
920,13:21:56.128741,2.2149,0,0,failed,ConnectionRefusedError
917,13:21:56.128955,2.2153,0,0,failed,ConnectionRefusedError
918,13:21:56.131266,2.2155,0,0,failed,ConnectionRefusedError
919,13:21:56.131522,2.2177,0,0,failed,ConnectionRefusedError
922,13:21:56.131737,2.2176,0,0,failed,ConnectionRefusedError
915,13:21:56.131915,2.2185,0,0,failed,ConnectionRefusedError
916,13:21:56.132094,2.2186,0,0,failed,ConnectionRefusedError
926,13:21:56.132265,2.2178,0,0,failed,ConnectionRefusedError
923,13:21:56.132519,2.2183,0,0,failed,ConnectionRefusedError
930,13:21:56.132678,2.2178,0,0,failed,ConnectionRefusedError
929,13:21:56.132878,2.2181,0,0,failed,ConnectionRefusedError
924,13:21:56.133085,2.2188,0,0,failed,ConnectionRefusedError
928,13:21:56.133290,2.2186,0,0,failed,ConnectionRefusedError
925,13:21:56.133455,2.2191,0,0,failed,ConnectionRefusedError
931,13:21:56.133668,2.2187,0,0,failed,ConnectionRefusedError
927,13:21:56.133885,2.2193,0,0,failed,ConnectionRefusedError
934,13:21:56.134042,2.2188,0,0,failed,ConnectionRefusedError
936,13:21:56.134226,2.2188,0,0,failed,ConnectionRefusedError
933,13:21:56.134494,2.2193,0,0,failed,ConnectionRefusedError
932,13:21:56.134680,2.2196,0,0,failed,ConnectionRefusedError
937,13:21:56.134890,2.2193,0,0,failed,ConnectionRefusedError
945,13:21:56.135092,2.2187,0,0,failed,ConnectionRefusedError
938,13:21:56.135343,2.2197,0,0,failed,ConnectionRefusedError
944,13:21:56.135564,2.2193,0,0,failed,ConnectionRefusedError
939,13:21:56.135761,2.22,0,0,failed,ConnectionRefusedError
946,13:21:56.135924,2.2195,0,0,failed,ConnectionRefusedError
943,13:21:56.136109,2.22,0,0,failed,ConnectionRefusedError
942,13:21:56.136315,2.2203,0,0,failed,ConnectionRefusedError
952,13:21:56.136473,2.2195,0,0,failed,ConnectionRefusedError
953,13:21:56.136657,2.2195,0,0,failed,ConnectionRefusedError
941,13:21:56.136861,2.2209,0,0,failed,ConnectionRefusedError
935,13:21:56.137035,2.2217,0,0,failed,ConnectionRefusedError
950,13:21:56.137270,2.2204,0,0,failed,ConnectionRefusedError
951,13:21:56.137445,2.2205,0,0,failed,ConnectionRefusedError
947,13:21:56.137676,2.2211,0,0,failed,ConnectionRefusedError
954,13:21:56.137924,2.2206,0,0,failed,ConnectionRefusedError
961,13:21:56.138105,2.2202,0,0,failed,ConnectionRefusedError
948,13:21:56.138307,2.2216,0,0,failed,ConnectionRefusedError
959,13:21:56.138467,2.2208,0,0,failed,ConnectionRefusedError
940,13:21:56.138650,2.2228,0,0,failed,ConnectionRefusedError
956,13:21:56.138937,2.2215,0,0,failed,ConnectionRefusedError
962,13:21:56.139162,2.2211,0,0,failed,ConnectionRefusedError
957,13:21:56.139454,2.2219,0,0,failed,ConnectionRefusedError
968,13:21:56.139686,2.221,0,0,failed,ConnectionRefusedError
958,13:21:56.139910,2.2223,0,0,failed,ConnectionRefusedError
960,13:21:56.140094,2.2223,0,0,failed,ConnectionRefusedError
949,13:21:56.140288,2.2235,0,0,failed,ConnectionRefusedError
970,13:21:56.140500,2.2216,0,0,failed,ConnectionRefusedError
963,13:21:56.140680,2.2226,0,0,failed,ConnectionRefusedError
967,13:21:56.140895,2.2224,0,0,failed,ConnectionRefusedError
978,13:21:56.141064,2.2214,0,0,failed,ConnectionRefusedError
965,13:21:56.141303,2.223,0,0,failed,ConnectionRefusedError
955,13:21:56.141491,2.2242,0,0,failed,ConnectionRefusedError
974,13:21:56.141686,2.2224,0,0,failed,ConnectionRefusedError
977,13:21:56.141888,2.2223,0,0,failed,ConnectionRefusedError
969,13:21:56.142049,2.2233,0,0,failed,ConnectionRefusedError
983,13:21:56.142251,2.2221,0,0,failed,ConnectionRefusedError
976,13:21:56.142436,2.223,0,0,failed,ConnectionRefusedError
972,13:21:56.142668,2.2236,0,0,failed,ConnectionRefusedError
964,13:21:56.142849,2.2247,0,0,failed,ConnectionRefusedError
966,13:21:56.143068,2.2247,0,0,failed,ConnectionRefusedError
980,13:21:56.143278,2.2234,0,0,failed,ConnectionRefusedError
984,13:21:56.143467,2.2232,0,0,failed,ConnectionRefusedError
975,13:21:56.143673,2.2242,0,0,failed,ConnectionRefusedError
995,13:21:56.143857,2.2225,0,0,failed,ConnectionRefusedError
985,13:21:56.144050,2.2237,0,0,failed,ConnectionRefusedError
973,13:21:56.144216,2.225,0,0,failed,ConnectionRefusedError
982,13:21:56.144421,2.2243,0,0,failed,ConnectionRefusedError
971,13:21:56.144667,2.2257,0,0,failed,ConnectionRefusedError
994,13:21:56.144931,2.2236,0,0,failed,ConnectionRefusedError
988,13:21:56.147354,2.2245,0,0,failed,ConnectionRefusedError
986,13:21:56.147578,2.2271,0,0,failed,ConnectionRefusedError
979,13:21:56.147782,2.228,0,0,failed,ConnectionRefusedError
991,13:21:56.147991,2.227,0,0,failed,ConnectionRefusedError
997,13:21:56.148189,2.2266,0,0,failed,ConnectionRefusedError
993,13:21:56.148431,2.2273,0,0,failed,ConnectionRefusedError
996,13:21:56.148599,2.2272,0,0,failed,ConnectionRefusedError
989,13:21:56.148774,2.228,0,0,failed,ConnectionRefusedError
998,13:21:56.149014,2.2273,0,0,failed,ConnectionRefusedError
992,13:21:56.149252,2.2281,0,0,failed,ConnectionRefusedError
981,13:21:56.149437,2.2295,0,0,failed,ConnectionRefusedError
999,13:21:56.149659,2.2279,0,0,failed,ConnectionRefusedError
987,13:21:56.149861,2.2293,0,0,failed,ConnectionRefusedError
990,13:21:56.150068,2.2292,0,0,failed,ConnectionRefusedError
